Letter to Stakeholders Corporate Overview Environment Social Governance Appendix 31,,,,,,,,,,,,,,,,,,,,,,,,
About 현대모비스 · 기업지배구조 · 리스크 관리 · 지속가능경영 체계 · 중대성 평가,,,,,,,,,,,,,,,,,,,,,,,,
중대성 평가,,,,,,,,,,,,,,,,,,,,,,,,
이중 중대성 평가,,,,,,,,,,,,,,,,,,,,,,,,
중대성 평가 프로세스,,,,,,,,,,,,,,,,,,,,,,,,
"현대모비스는 다양한 환경, 사회 이슈 중 경영활동 과정에서 높은 영향을 유발할 수 있는 이중 중대성 개념",,,,,,,,,,,,,,,,,,,,,,,,
중요 주제를 선정하기 위해 유럽 지속가능성 공시 기준(ESRS)1)에 따라 이중 중대성 평가를,,,,,,,,,,,,,,,,,,,,,,,,
사회·환경적 영향 중대성,,,,,,,,,,,,,,,,,,,,,,,,
수행하고 있습니다. 기업의 경영활동이 사회·환경에 미치는 영향에 대한 중대성(Impact Materiality)과,,,,,,,,,,,,,,,,,,,,,,,,
"외부 환경, 사회 이슈가 기업의 재무성과에 미치는 영향의 중대성(Financial Materiality)을 고려하여",,,,,,,,,,,,,,,,,,,,,,,,
Inside-out(기업이 주는 영향),,,,,,,,,,,,,,,,,,,,,,,,
중요 주제를 종합적으로 식별 및 분석하여 공개합니다.,,,,,,,,,,,,,,,,,,,,,,,,
1) ESRS: European Sustainability Reporting Standards,,,,,,,,,,,,,,,,,,,,,,,,
기업 Outside-in(기업이 받는 영향) 사회 환경,,,,,,,,,,,,,,,,,,,,,,,,
재무적 중대성,,,,,,,,,,,,,,,,,,,,,,,,
평가 프로세스,,,,,,,,,,,,,,,,,,,,,,,,
Step 1. Step 2. Step 3. Step 4.,,,,,,,,,,,,,,,,,,,,,,,,
"기업에 대한 이해 영향, 위험, 기회 식별 영향, 위험, 기회 평가 중요 주제 선정",,,,,,,,,,,,,,,,,,,,,,,,
공시 주제 이슈풀 구성 사회·환경적 영향 식별 평가 기준 및 척도 설정 중요 주제 선정,,,,,,,,,,,,,,,,,,,,,,,,
내·외부 환경 분석 재무적 위험 및 기회 식별 사회·환경적 영향 평가 중요 주제 승인,,,,,,,,,,,,,,,,,,,,,,,,
중대성 평가 주제 도출 재무적 위험 및 기회 평가,,,,,,,,,,,,,,,,,,,,,,,,
-,-,-,-,-,-,-,-,-,-,-,[,표,],-,-,-,-,-,-,-,-,-,-,-
"공,시, ,주,제, ,이,슈,풀, ,구,성",,,,,,,,,,,,,,,,,,,,,,,,
-,-,-,-,-,-,-,-,-,-,-,[,표,],-,-,-,-,-,-,-,-,-,-,-
-,-,-,-,-,-,-,-,-,-,-,[,표,],-,-,-,-,-,-,-,-,-,-,-
"내,·,외,부, ,환,경, ,분,석",,,,,,,,,,,,,,,,,,,,,,,,
-,-,-,-,-,-,-,-,-,-,-,[,표,],-,-,-,-,-,-,-,-,-,-,-
-,-,-,-,-,-,-,-,-,-,-,[,표,],-,-,-,-,-,-,-,-,-,-,-
"중,대,성, ,평,가, ,주,제, ,도,출",,,,,,,,,,,,,,,,,,,,,,,,
-,-,-,-,-,-,-,-,-,-,-,[,표,],-,-,-,-,-,-,-,-,-,-,-
Letter to Stakeholders Corporate Overview Environment Social Governance Appendix 32,,,,,,,,,,,,,,,,,,,,,,,,
About 현대모비스 · 기업지배구조 · 리스크 관리 · 지속가능경영 체계 · 중대성 평가,,,,,,,,,,,,,,,,,,,,,,,,
이중 중대성 평가,,,,,,,,,,,,,,,,,,,,,,,,
중대성 평가 방법론,,,,,,,,,,,,,,,,,,,,,,,,
"Step 1. 기업에 대한 이해 Step 2. 영향, 위험, 기회 식별",,,,,,,,,,,,,,,,,,,,,,,,
"공시 주제 •공 시 주제 이슈풀(Long-list) 구성: 유럽 지속가능성 공시 기준(ESRS) 기반 세부 하위주제 및 사회·환경적 •중 대성 평가 주제에 대해 가치사슬 단계별 사회·환경적 영향(Impact) 및 재무적 위험,",,,,,,,,,,,,,,,,,,,,,,,,
"이슈풀 구성 글로벌 동종업계 공시 주제 고려하여 총 107개 이슈풀 구성 영향 및 재무적 기회(Risk, Opportunity) 식별",,,,,,,,,,,,,,,,,,,,,,,,
"위험/기회 식별 - 자 동차 부품 산업 전반 가치사슬의 각 단계(Upstream, Own Operation, Downstream)에서",,,,,,,,,,,,,,,,,,,,,,,,
"내·외부 •내 부 환경: 기존 중요 주제(2개년), 지속가능경영 위원회 및 협의체 논의/보고 안건,",,,,,,,,,,,,,,,,,,,,,,,,
평가 주제와의 연관성을 고려하여 발생 가능한 IRO 도출,,,,,,,,,,,,,,,,,,,,,,,,
"환경 분석 공급망 진단 결과 취약 항목, 부문별 ESG 추진 과제 리스트",,,,,,,,,,,,,,,,,,,,,,,,
"- 공 급망 ESG 진단 결과, 고충처리채널 등을 통해 중요한 영향 식별",,,,,,,,,,,,,,,,,,,,,,,,
"•외 부 환경: ESG 공시 기준 및 평가 지표, 투자자 질의사항, 동종업계 산업 동향, 미디어/보도자료 등",,,,,,,,,,,,,,,,,,,,,,,,
"- I RO 식별 시 발생 시점 및 단/중장기 기간, 영향의 성격, 자원 및 이해관계자 의존도 고려",,,,,,,,,,,,,,,,,,,,,,,,
중대성 평가,,,,,,,,,,,,,,,,,,,,,,,,
•내 ·외부 환경 분석 결과 기반 최종 19개의 중대성 평가 주제(Short-list) 도출,,,,,,,,,,,,,,,,,,,,,,,,
주제 도출,,,,,,,,,,,,,,,,,,,,,,,,
"Step 3. 영향, 위험, 기회 평가 Step 4. 중요 주제 선정",,,,,,,,,,,,,,,,,,,,,,,,
"평가 기준 및 •영 향, 위험, 기회의 심각성 및 발생 가능성의 영향 크기에 대한 객관적 평가를 위해 척도 구체화하여 정의 중요 주제 •중 대성 평가 결과 최종 선정된 총 11개 주제에 대해 경영진 보고 및 최고의사결정기구(이사회)의 보고",,,,,,,,,,,,,,,,,,,,,,,,
"척도 설정 - 심각성: 규모, 범위, 회복 가능성(부정 영향의 경우) 선정 및 승인 - E SG추진점검위원회(경영 협의체)에 중대성 평가 프로세스 및 결과 보고",,,,,,,,,,,,,,,,,,,,,,,,
"- 발생 가능성 - 지 속가능경영위원회에서 중대성 프로세스, 중요 주제별 기회와 리스크에 대해 최종 보고",,,,,,,,,,,,,,,,,,,,,,,,
"내부 •유 관부서 실무진부터 경영진, CEO 지속가능성 주제에 대한 전사 관점의 중요도 평가 및",,,,,,,,,,,,,,,,,,,,,,,,
이해관계자 평가 CEO까지 전사 차원의 구체적 의견 수렴,,,,,,,,,,,,,,,,,,,,,,,,
중대성 평가 결과(2025 중요 주제),,,,,,,,,,,,,,,,,,,,,,,,
"*Very High(●), High(○)",,,,,,,,,,,,,,,,,,,,,,,,
"지속가능성 영향, 위험, •사 회·환경적 영향과 재무적 영향 각각에 중요도*",,,,,,,,,,,,,,,,,,,,,,,,
경영진 주제별 전문성을 고려하여 유관 부문/BU장 선정하여,,,,,,,,,,,,,,,,,,,,,,,,
기회에 대한 중요도 평가 수행 심층 인터뷰 수행(영향/위험/기회 우선순위 및 대해 내부 기준에 따라 산출된 임계치를 구분 주제 사회·환경적 재무적 보고 위치,,,,,,,,,,,,,,,,,,,,,,,,
전략 방향성 평가) 초과하는지 검토 영향 영향,,,,,,,,,,,,,,,,,,,,,,,,
•임 계치를 초과하는 각 영향을 환경 기후변화 대응 ● ● 기 후변화 대응,,,,,,,,,,,,,,,,,,,,,,,,
실무 주제별 유관부서 실무 담당자 대상 주제별,,,,,,,,,,,,,,,,,,,,,,,,
담당자 IRO에 대한 정의 검토 및 척도 평가 수행,,,,,,,,,,,,,,,,,,,,,,,,
발생시키는 11개 주제를 현대모비스의,,,,,,,,,,,,,,,,,,,,,,,,
환경 자원 사용 및 순환 경제 ○ ●,,,,,,,,,,,,,,,,,,,,,,,,
자 원 사용 및,,,,,,,,,,,,,,,,,,,,,,,,
중요 주제로 선정 순환 경제,,,,,,,,,,,,,,,,,,,,,,,,
•선 정된 중요 주제는 기 보고연도 사회 인적자원 관리 ● ○,,,,,,,,,,,,,,,,,,,,,,,,
외부 •가 치사슬 내 연관성이 높은 (FY2023)의 중요 주제와 일부 연속성 가짐 사회 신뢰받는 노사관계 ○ ●,,,,,,,,,,,,,,,,,,,,,,,,
협력사 협력사와 관련 높은 주제에 대해 사회·환경적 영향 임 직원,,,,,,,,,,,,,,,,,,,,,,,,
이해관계자 평가 이해관계자 대상 중대성 평가 평가 수행 및 관련 의견 수렴 •각 영향 평가 결과에 의해 사회 다양성 및 포용성 ● ○,,,,,,,,,,,,,,,,,,,,,,,,
"수행 및 관련 의견 수렴 사회 영역에서는 ‘신뢰받는 노사관계’, 사회 산업 안전보건 강화 ○ ○",,,,,,,,,,,,,,,,,,,,,,,,
고객 고객과 관련 높은 주제에 대해 사회·환경적 영향,,,,,,,,,,,,,,,,,,,,,,,,
"‘다양성 및 포용성’, ‘산업 안전보건 강화’,",,,,,,,,,,,,,,,,,,,,,,,,
평가 수행 및 관련 의견 수렴 사회 공급망 지속가능성 관리 ● ○ 공 급망,,,,,,,,,,,,,,,,,,,,,,,,
‘정보보안 강화’가 거버넌스에서는,,,,,,,,,,,,,,,,,,,,,,,,
사회 제품 품질 및 안전 확보 ● ● 고 객,,,,,,,,,,,,,,,,,,,,,,,,
"투자자 투자자 관점에서 중요한 주제 선정하여, 해당 주제에 ‘기업지배구조’, ‘컴플라이언스 경영’이",,,,,,,,,,,,,,,,,,,,,,,,
대한 재무적 위험 및 기회에 대한 우선순위 평가 신규 보고 주제로 포함 사회 정보보안 강화 ● ○ 정 보보안,,,,,,,,,,,,,,,,,,,,,,,,
거버넌스 기업지배구조 ● ○ 기 업지배구조,,,,,,,,,,,,,,,,,,,,,,,,
"학계/언론/ 환경/사회/거버넌스별 중요성이 높은 주제 선정하여,",,,,,,,,,,,,,,,,,,,,,,,,
정부 해당 주제에 대한 사회·환경적 영향 우선순위 평가 거버넌스 컴플라이언스 경영 ● ○ 비 즈니스 윤리,,,,,,,,,,,,,,,,,,,,,,,,
-,-,-,-,-,-,-,-,-,-,-,[,표,],-,-,-,-,-,-,-,-,-,-,-
"기,후,변,화, ,대,응",,,,,,,,,,,,,,,,,,,,,,,,
-,-,-,-,-,-,-,-,-,-,-,[,표,],-,-,-,-,-,-,-,-,-,-,-
-,-,-,-,-,-,-,-,-,-,-,[,표,],-,-,-,-,-,-,-,-,-,-,-
"자,원, ,사,용, ,및, ,순,환, ,경,제",,,,,,,,,,,,,,,,,,,,,,,,
-,-,-,-,-,-,-,-,-,-,-,[,표,],-,-,-,-,-,-,-,-,-,-,-
-,-,-,-,-,-,-,-,-,-,-,[,표,],-,-,-,-,-,-,-,-,-,-,-
"인,적,자,원, ,관,리",,,,,,,,,,,,,,,,,,,,,,,,
-,-,-,-,-,-,-,-,-,-,-,[,표,],-,-,-,-,-,-,-,-,-,-,-
-,-,-,-,-,-,-,-,-,-,-,[,표,],-,-,-,-,-,-,-,-,-,-,-
"신,뢰,받,는, ,노,사,관,계",,,,,,,,,,,,,,,,,,,,,,,,
-,-,-,-,-,-,-,-,-,-,-,[,표,],-,-,-,-,-,-,-,-,-,-,-
-,-,-,-,-,-,-,-,-,-,-,[,표,],-,-,-,-,-,-,-,-,-,-,-
"다,양,성, ,및, ,포,용,성",,,,,,,,,,,,,,,,,,,,,,,,
-,-,-,-,-,-,-,-,-,-,-,[,표,],-,-,-,-,-,-,-,-,-,-,-
-,-,-,-,-,-,-,-,-,-,-,[,표,],-,-,-,-,-,-,-,-,-,-,-
"산,업, ,안,전,보,건, ,강,화",,,,,,,,,,,,,,,,,,,,,,,,
-,-,-,-,-,-,-,-,-,-,-,[,표,],-,-,-,-,-,-,-,-,-,-,-
-,-,-,-,-,-,-,-,-,-,-,[,표,],-,-,-,-,-,-,-,-,-,-,-
"공,급,망, ,지,속,가,능,성, ,관,리",,,,,,,,,,,,,,,,,,,,,,,,
-,-,-,-,-,-,-,-,-,-,-,[,표,],-,-,-,-,-,-,-,-,-,-,-
-,-,-,-,-,-,-,-,-,-,-,[,표,],-,-,-,-,-,-,-,-,-,-,-
"제,품, ,품,질, ,및, ,안,전, ,확,보",,,,,,,,,,,,,,,,,,,,,,,,
-,-,-,-,-,-,-,-,-,-,-,[,표,],-,-,-,-,-,-,-,-,-,-,-
-,-,-,-,-,-,-,-,-,-,-,[,표,],-,-,-,-,-,-,-,-,-,-,-
"정,보,보,안, ,강,화",,,,,,,,,,,,,,,,,,,,,,,,
-,-,-,-,-,-,-,-,-,-,-,[,표,],-,-,-,-,-,-,-,-,-,-,-
-,-,-,-,-,-,-,-,-,-,-,[,표,],-,-,-,-,-,-,-,-,-,-,-
"기,업,지,배,구,조",,,,,,,,,,,,,,,,,,,,,,,,
-,-,-,-,-,-,-,-,-,-,-,[,표,],-,-,-,-,-,-,-,-,-,-,-
-,-,-,-,-,-,-,-,-,-,-,[,표,],-,-,-,-,-,-,-,-,-,-,-
"컴,플,라,이,언,스, ,경,영",,,,,,,,,,,,,,,,,,,,,,,,
-,-,-,-,-,-,-,-,-,-,-,[,표,],-,-,-,-,-,-,-,-,-,-,-
Letter to Stakeholders Corporate Overview Environment Social Governance Appendix 33,,,,,,,,,,,,,,,,,,,,,,,,
About 현대모비스 · 기업지배구조 · 리스크 관리 · 지속가능경영 체계 · 중대성 평가,,,,,,,,,,,,,,,,,,,,,,,,
이중 중대성 평가,,,,,,,,,,,,,,,,,,,,,,,,
비즈니스 관련 중요 주제,,,,,,,,,,,,,,,,,,,,,,,,
주제명 기후변화 대응 공급망 지속가능성 관리 인적자원 관리,,,,,,,,,,,,,,,,,,,,,,,,
"주제의 중요성 •제 조공정과 공급망, 제품 포트폴리오, 제품의 사용 등 •책 임광물 등 원자재의 채굴과 가공 과정의 환경 파괴, 노동권 침해, •전 동화·자율주행·디지털화 등 모빌리티 기술 변화에 따른",,,,,,,,,,,,,,,,,,,,,,,,
가치사슬 전반에 연관되어 사업 모델과 재무성과에 영향 윤리적 문제 발생에 따른 브랜드 이미지 훼손 및 투자자 신뢰 하락 위험 전문 인력 육성의 중요성 증대,,,,,,,,,,,,,,,,,,,,,,,,
"•시 장 내 친환경 차량에 대한 요구 증가에 따른 전동화 차량 부품 및 •협 력사의 자금 문제, 파업 등에 따른 원자재, 부품 조달 문제 발생 시 •R &D, 소프트웨어, 친환경 기술 분야 등에서 우수 인재 확보 실패 시,",,,,,,,,,,,,,,,,,,,,,,,,
서비스 친환경 매출 증가 라인 중단 등 심각한 비즈니스적 위험 유발 제품 혁신 속도 저하 및 시장 점유율 감소로 인한 재무적,,,,,,,,,,,,,,,,,,,,,,,,
•2 035년부터 신차 판매 시 탄소배출 제로를 의무화하는 •공 급망 관련 규제 미준수 시 벌금 등 큰 규모의 추가 비용 발생 손실 발생 가능성 증대,,,,,,,,,,,,,,,,,,,,,,,,
"EU의 Fit for 55, EU CBAM, 탄소세 등 글로벌 규제 대응은 기후변화 •전 략적 인재 확보와 내부 역량 강화를 통한 조직 생산성 향상 및",,,,,,,,,,,,,,,,,,,,,,,,
리스크를 재무적 기회로 전환하는 요인으로 작용 비용 절감 기회 확보,,,,,,,,,,,,,,,,,,,,,,,,
•E SG 기반 투자 흐름 및 전기차(EV) 시장의 확대에 따른,,,,,,,,,,,,,,,,,,,,,,,,
고객 요구에 부합 필요,,,,,,,,,,,,,,,,,,,,,,,,
"대응 전략 •‘ 2045 탄소중립’ 선언 •협 력사 지속가능성 리스크 점검 시행(연단위) •소 프트웨어, 전장기술, 친환경 부문 중심의 인재 채용 추진",,,,,,,,,,,,,,,,,,,,,,,,
"•S BTi, TCFD 참여를 통한 과학기반 탄소중립 목표 설정 및 이행 •2 024년 지속가능성 리스크 현장진단 대상 확대 •글 로벌 전문가 양성 및 SW아카데미 등 내부 임직원",,,,,,,,,,,,,,,,,,,,,,,,
"•탄 소중립 보고서 발간, UNGC 패널 참석 등 다양한 채널로 •멕 시코 및 중국 강소법인 협력사까지 리스크 관리 대상 범위 단계적 확대 역량 강화를 위한 프로그램 운영",,,,,,,,,,,,,,,,,,,,,,,,
이해관계자 소통 •자 체적인 동반성장 프로그램 운영으로 ESG 측면 포함한 •커 리어마켓 제도를 통한 내부 직무전환 기회 제공,,,,,,,,,,,,,,,,,,,,,,,,
"•R E100 가입을 통해 2040년 재생에너지 100% 전환 선언 기술, 금융, 교육 지원 활동 전개 •직 무별 역량 개발을 위한 모듈형 교육 커리큘럼 운영",,,,,,,,,,,,,,,,,,,,,,,,
"•단 계적인 목표 달성을 위해 재생에너지 전환율을 내부 KPI로 지정 •P ARTNERS DAY 등 정기적 협의회, 세미나를 통한 협력사 소통 진행 및",,,,,,,,,,,,,,,,,,,,,,,,
•각 사업부문별 목표 이행 점검(연단위) 현대모비스 활동 성과 공유(연단위),,,,,,,,,,,,,,,,,,,,,,,,
목표 및 달성 현황 목표 목표 목표,,,,,,,,,,,,,,,,,,,,,,,,
•2 040년 재생에너지 전환 100%(RE100) 달성 •2 025년 중국 천진 및 무석 법인 공급망 지속가능성 리스크 점검 대상 확대 •2 027년까지 ‘현대모비스 미래 모빌리티 채용 연계 트랙’을 통한,,,,,,,,,,,,,,,,,,,,,,,,
•2 045년 탄소중립 달성(SBTi 참여) •2 025년 미주법인 공급망 ESG 진단 체계 구축 총 100명의 학부 인원 선발 목표,,,,,,,,,,,,,,,,,,,,,,,,
달성 현황 달성 현황 달성 현황,,,,,,,,,,,,,,,,,,,,,,,,
•2 024년 재생에너지 사용전환율 12.9% •중 국 강소법인 공급망 지속가능성 리스크 점검 대상 확대 •2024년 총 25명의 학부 인원 선발 완료(누적 46명),,,,,,,,,,,,,,,,,,,,,,,,
"•2 024년 온실가스 감축량 15,255tCO2eq •중 국 천진 및 무석 법인 공급망 ESG 진단 체계 구축",,,,,,,,,,,,,,,,,,,,,,,,
"(Scope 1, 2 합산 감축량) •본 사 공급망 현장진단 대상 확대 및 진단 결과 구매 정책 반영",,,,,,,,,,,,,,,,,,,,,,,,
경영진 보상 •재 생에너지 전환 실적 •공 급망 ESG평가 결과 •각 BU/부문 KPI 종합 평가 결과,,,,,,,,,,,,,,,,,,,,,,,,
•온 실가스(GHG) 배출 감축 실적,,,,,,,,,,,,,,,,,,,,,,,,
-,-,-,-,-,-,-,-,-,-,-,[,표,],-,-,-,-,-,-,-,-,-,-,-
"주,제,의, ,중,요,성",,,,,,,,,,,,,,,,,,,,,,,,
"•,제, ,조,공,정,과, ,공,급,망,,, ,제,품, ,포,트,폴,리,오,,, ,제,품,의, ,사,용, ,등, ,가,치,사,슬, ,전,반,에, ,연,관,되,어, ,사,업, ,모,델,과, ,재,무,성,과,에, ,영,향, ,•,시, ,장, ,내, ,친,환,경, ,차,량,에, ,대,한, ,요,구, ,증,가,에, ,따,른, ,전,동,화, ,차,량, ,부,품, ,및, ,서,비,스, ,친,환,경, ,매,출, ,증,가, ,•,2, ,0,3,5,년,부,터, ,신,차, ,판,매, ,시, ,탄,소,배,출, ,제,로,를, ,의,무,화,하,는, ,E,U,의, ,F,i,t, ,f,o,r, ,5,5,,, ,E,U, ,C,B,A,M,,, ,탄,소,세, ,등, ,글,로,벌, ,규,제, ,대,응,은, ,기,후,변,화, ,리,스,크,를, ,재,무,적, ,기,회,로, ,전,환,하,는, ,요,인,으,로, ,작,용, ,•,E, ,S,G, ,기,반, ,투,자, ,흐,름, ,및, ,전,기,차,(,E,V,), ,시,장,의, ,확,대,에, ,따,른, ,고,객, ,요,구,에, ,부,합, ,필,요",,,,,,,,,,,,,,,,,,,,,,,,
"•,책, ,임,광,물, ,등, ,원,자,재,의, ,채,굴,과, ,가,공, ,과,정,의, ,환,경, ,파,괴,,, ,노,동,권, ,침,해,,, ,윤,리,적, ,문,제, ,발,생,에, ,따,른, ,브,랜,드, ,이,미,지, ,훼,손, ,및, ,투,자,자, ,신,뢰, ,하,락, ,위,험, ,•,협, ,력,사,의, ,자,금, ,문,제,,, ,파,업, ,등,에, ,따,른, ,원,자,재,,, ,부,품, ,조,달, ,문,제, ,발,생, ,시, ,라,인, ,중,단, ,등, ,심,각,한, ,비,즈,니,스,적, ,위,험, ,유,발, ,•,공, ,급,망, ,관,련, ,규,제, ,미,준,수, ,시, ,벌,금, ,등, ,큰, ,규,모,의, ,추,가, ,비,용, ,발,생",,,,,,,,,,,,,,,,,,,,,,,,
"•,전, ,동,화,·,자,율,주,행,·,디,지,털,화, ,등, ,모,빌,리,티, ,기,술, ,변,화,에, ,따,른, ,전,문, ,인,력, ,육,성,의, ,중,요,성, ,증,대, ,•,R, ,&,D,,, ,소,프,트,웨,어,,, ,친,환,경, ,기,술, ,분,야, ,등,에,서, ,우,수, ,인,재, ,확,보, ,실,패, ,시,,, ,제,품, ,혁,신, ,속,도, ,저,하, ,및, ,시,장, ,점,유,율, ,감,소,로, ,인,한, ,재,무,적, ,손,실, ,발,생, ,가,능,성, ,증,대, ,•,전, ,략,적, ,인,재, ,확,보,와, ,내,부, ,역,량, ,강,화,를, ,통,한, ,조,직, ,생,산,성, ,향,상, ,및, ,비,용, ,절,감, ,기,회, ,확,보",,,,,,,,,,,,,,,,,,,,,,,,
-,-,-,-,-,-,-,-,-,-,-,[,표,],-,-,-,-,-,-,-,-,-,-,-
-,-,-,-,-,-,-,-,-,-,-,[,표,],-,-,-,-,-,-,-,-,-,-,-
"대,응, ,전,략",,,,,,,,,,,,,,,,,,,,,,,,
"•,‘, ,2,0,4,5, ,탄,소,중,립,’, ,선,언, ,•,S, ,B,T,i,,, ,T,C,F,D, ,참,여,를, ,통,한, ,과,학,기,반, ,탄,소,중,립, ,목,표, ,설,정, ,및, ,이,행, ,•,탄, ,소,중,립, ,보,고,서, ,발,간,,, ,U,N,G,C, ,패,널, ,참,석, ,등, ,다,양,한, ,채,널,로, ,이,해,관,계,자, ,소,통, ,•,R, ,E,1,0,0, ,가,입,을, ,통,해, ,2,0,4,0,년, ,재,생,에,너,지, ,1,0,0,%, ,전,환, ,선,언, ,•,단, ,계,적,인, ,목,표, ,달,성,을, ,위,해, ,재,생,에,너,지, ,전,환,율,을, ,내,부, ,K,P,I,로, ,지,정, ,•,각, ,사,업,부,문,별, ,목,표, ,이,행, ,점,검,(,연,단,위,)",,,,,,,,,,,,,,,,,,,,,,,,
"•,협, ,력,사, ,지,속,가,능,성, ,리,스,크, ,점,검, ,시,행,(,연,단,위,), ,•,2, ,0,2,4,년, ,지,속,가,능,성, ,리,스,크, ,현,장,진,단, ,대,상, ,확,대, ,•,멕, ,시,코, ,및, ,중,국, ,강,소,법,인, ,협,력,사,까,지, ,리,스,크, ,관,리, ,대,상, ,범,위, ,단,계,적, ,확,대, ,•,자, ,체,적,인, ,동,반,성,장, ,프,로,그,램, ,운,영,으,로, ,E,S,G, ,측,면, ,포,함,한, ,기,술,,, ,금,융,,, ,교,육, ,지,원, ,활,동, ,전,개, ,•,P, ,A,R,T,N,E,R,S, ,D,A,Y, ,등, ,정,기,적, ,협,의,회,,, ,세,미,나,를, ,통,한, ,협,력,사, ,소,통, ,진,행, ,및, ,현,대,모,비,스, ,활,동, ,성,과, ,공,유,(,연,단,위,)",,,,,,,,,,,,,,,,,,,,,,,,
"•,소, ,프,트,웨,어,,, ,전,장,기,술,,, ,친,환,경, ,부,문, ,중,심,의, ,인,재, ,채,용, ,추,진, ,•,글, ,로,벌, ,전,문,가, ,양,성, ,및, ,S,W,아,카,데,미, ,등, ,내,부, ,임,직,원, ,역,량, ,강,화,를, ,위,한, ,프,로,그,램, ,운,영, ,•,커, ,리,어,마,켓, ,제,도,를, ,통,한, ,내,부, ,직,무,전,환, ,기,회, ,제,공, ,•,직, ,무,별, ,역,량, ,개,발,을, ,위,한, ,모,듈,형, ,교,육, ,커,리,큘,럼, ,운,영",,,,,,,,,,,,,,,,,,,,,,,,
-,-,-,-,-,-,-,-,-,-,-,[,표,],-,-,-,-,-,-,-,-,-,-,-
-,-,-,-,-,-,-,-,-,-,-,[,표,],-,-,-,-,-,-,-,-,-,-,-
"목,표, ,및, ,달,성, ,현,황",,,,,,,,,,,,,,,,,,,,,,,,
"목,표, ,•,2, ,0,4,0,년, ,재,생,에,너,지, ,전,환, ,1,0,0,%,(,R,E,1,0,0,), ,달,성, ,•,2, ,0,4,5,년, ,탄,소,중,립, ,달,성,(,S,B,T,i, ,참,여,), ,달,성, ,현,황, ,•,2, ,0,2,4,년, ,재,생,에,너,지, ,사,용,전,환,율, ,1,2,.,9,%, ,•,2, ,0,2,4,년, ,온,실,가,스, ,감,축,량, ,1,5,,,2,5,5,t,C,O,2,e,q, ,(,S,c,o,p,e, ,1,,, ,2, ,합,산, ,감,축,량,)",,,,,,,,,,,,,,,,,,,,,,,,
"목,표, ,•,2, ,0,2,5,년, ,중,국, ,천,진, ,및, ,무,석, ,법,인, ,공,급,망, ,지,속,가,능,성, ,리,스,크, ,점,검, ,대,상, ,확,대, ,•,2, ,0,2,5,년, ,미,주,법,인, ,공,급,망, ,E,S,G, ,진,단, ,체,계, ,구,축, ,달,성, ,현,황, ,•,중, ,국, ,강,소,법,인, ,공,급,망, ,지,속,가,능,성, ,리,스,크, ,점,검, ,대,상, ,확,대, ,•,중, ,국, ,천,진, ,및, ,무,석, ,법,인, ,공,급,망, ,E,S,G, ,진,단, ,체,계, ,구,축, ,•,본, ,사, ,공,급,망, ,현,장,진,단, ,대,상, ,확,대, ,및, ,진,단, ,결,과, ,구,매, ,정,책, ,반,영",,,,,,,,,,,,,,,,,,,,,,,,
"목,표, ,•,2, ,0,2,7,년,까,지, ,‘,현,대,모,비,스, ,미,래, ,모,빌,리,티, ,채,용, ,연,계, ,트,랙,’,을, ,통,한, ,총, ,1,0,0,명,의, ,학,부, ,인,원, ,선,발, ,목,표, ,달,성, ,현,황, ,•,2,0,2,4,년, ,총, ,2,5,명,의, ,학,부, ,인,원, ,선,발, ,완,료,(,누,적, ,4,6,명,)",,,,,,,,,,,,,,,,,,,,,,,,
-,-,-,-,-,-,-,-,-,-,-,[,표,],-,-,-,-,-,-,-,-,-,-,-
-,-,-,-,-,-,-,-,-,-,-,[,표,],-,-,-,-,-,-,-,-,-,-,-
"경,영,진, ,보,상",,,,,,,,,,,,,,,,,,,,,,,,
"•,재, ,생,에,너,지, ,전,환, ,실,적, ,•,온, ,실,가,스,(,G,H,G,), ,배,출, ,감,축, ,실,적",,,,,,,,,,,,,,,,,,,,,,,,
"•,공, ,급,망, ,E,S,G,평,가, ,결,과",,,,,,,,,,,,,,,,,,,,,,,,
"•,각, ,B,U,/,부,문, ,K,P,I, ,종,합, ,평,가, ,결,과",,,,,,,,,,,,,,,,,,,,,,,,
-,-,-,-,-,-,-,-,-,-,-,[,표,],-,-,-,-,-,-,-,-,-,-,-
Letter to Stakeholders Corporate Overview Environment Social Governance Appendix 34,,,,,,,,,,,,,,,,,,,,,,,,
About 현대모비스 · 기업지배구조 · 리스크 관리 · 지속가능경영 체계 · 중대성 평가,,,,,,,,,,,,,,,,,,,,,,,,
이중 중대성 평가,,,,,,,,,,,,,,,,,,,,,,,,
외부 이해관계자 관점의 중요 주제,,,,,,,,,,,,,,,,,,,,,,,,
주제명 자원 사용 및 순환 경제 인적자원 관리,,,,,,,,,,,,,,,,,,,,,,,,
주요 영향 •자 원 재활용 등의 공정 전환으로 환경 오염 저감에 기여 •공 정한 채용으로 구직자들에게 사회 활동 기회를 제공하여 취업 청년의 소득 및 삶의 질 상승,,,,,,,,,,,,,,,,,,,,,,,,
"•부 품 소재의 경량화를 통해 사용 단계에서 온실가스 및 대기오염물질 감축 •교 육이나 취업, 직업 훈련에서 배제된 청년들이 일하지 못해 발생하는 사회적 비용 절감",,,,,,,,,,,,,,,,,,,,,,,,
"•원 소재의 생산, 부품의 제조 단계 등을 모두 고려한 친환경 제품 생산으로 환경영향 저감에 기여 •산 업 전반의 노동환경 개선 유도",,,,,,,,,,,,,,,,,,,,,,,,
•연 비 개선 등을 통해 시장 소비자에게 다양한 가치 소비 기회 제공,,,,,,,,,,,,,,,,,,,,,,,,
영향의 원인 •제 품/서비스 •사 업장,,,,,,,,,,,,,,,,,,,,,,,,
•공 급망,,,,,,,,,,,,,,,,,,,,,,,,
외부 이해관계자 •환 경 •사 회,,,,,,,,,,,,,,,,,,,,,,,,
영향 분야 •고 객/최종 사용자 •공 급망/계약자 등,,,,,,,,,,,,,,,,,,,,,,,,
영향 타입 •긍 정 •긍 정,,,,,,,,,,,,,,,,,,,,,,,,
성과 관리 지표 •친 환경차 부품 적용에 따른 온실가스 감축효과 •계 약학과 운영 등 성장지원 연계 신규 채용 인원 확대로 발생한 해당 인원의 추가 소득,,,,,,,,,,,,,,,,,,,,,,,,
"영향 평가 및 •차 종별 회피된 이산화탄소 배출량(평균 감축 효과×주행거리)의 총합은 1,161,214tCO₂eq로 •추 가 소득은 계약학과 운영 등으로 인해 채용된 인원이 해당 프로그램을 통해 채용됨으로써 새롭게 얻게 된",,,,,,,,,,,,,,,,,,,,,,,,
측정 결과 친환경차 부품 적용에 따라 대기 중 이산화탄소 감축 연간 임금소득을 의미,,,,,,,,,,,,,,,,,,,,,,,,
"•2 022년 2월 제출된 정부 용역 보고서에 따라 대기 중 이산화탄소가 1톤 증가했을 때 발생하는 환경오염, •계 약학과 등을 통해 고용된 인원의 수는 25명, 해당 직무/직급에 대한 평균 초봉 또는 실지급액인",,,,,,,,,,,,,,,,,,,,,,,,
"건강 피해 등을 추정하여 산출한 사회적 비용은 1톤당 55,400원1) 1인당 평균 연간 임금은 5,600만 원/년",,,,,,,,,,,,,,,,,,,,,,,,
"•총 64,331,255,600원(643억 원)의 사회적 비용 절감 효과 창출 •해 당 인원이 계약학과 등 프로그램이 없었다면 얻었을 평균 소득은 산업별 청년 초임 평균 등을 참고하여",,,,,,,,,,,,,,,,,,,,,,,,
"4,003만 원/년으로 추정2)",,,,,,,,,,,,,,,,,,,,,,,,
•계 약학과의 채용률로 인한 총 추가 소득은 (취업자수)×(계약학과 채용 후 연봉-대체 평균 연봉)로 계산되는,,,,,,,,,,,,,,,,,,,,,,,,
"3억 9,925만 원의 사회적 가치 창출",,,,,,,,,,,,,,,,,,,,,,,,
1) 「탄소가격 부과체계 개편방안 연구(2022)」,,,,,,,,,,,,,,,,,,,,,,,,
"2) 통계청 - 자동차, 트레일러업 신입사원 초임 평균(대졸 기준)",,,,,,,,,,,,,,,,,,,,,,,,
-,-,-,-,-,-,-,-,-,-,-,[,표,],-,-,-,-,-,-,-,-,-,-,-
"주,요, ,영,향",,,,,,,,,,,,,,,,,,,,,,,,
"•,자, ,원, ,재,활,용, ,등,의, ,공,정, ,전,환,으,로, ,환,경, ,오,염, ,저,감,에, ,기,여, ,•,부, ,품, ,소,재,의, ,경,량,화,를, ,통,해, ,사,용, ,단,계,에,서, ,온,실,가,스, ,및, ,대,기,오,염,물,질, ,감,축, ,•,원, ,소,재,의, ,생,산,,, ,부,품,의, ,제,조, ,단,계, ,등,을, ,모,두, ,고,려,한, ,친,환,경, ,제,품, ,생,산,으,로, ,환,경,영,향, ,저,감,에, ,기,여, ,•,연, ,비, ,개,선, ,등,을, ,통,해, ,시,장, ,소,비,자,에,게, ,다,양,한, ,가,치, ,소,비, ,기,회, ,제,공",,,,,,,,,,,,,,,,,,,,,,,,
"•,공, ,정,한, ,채,용,으,로, ,구,직,자,들,에,게, ,사,회, ,활,동, ,기,회,를, ,제,공,하,여, ,취,업, ,청,년,의, ,소,득, ,및, ,삶,의, ,질, ,상,승, ,•,교, ,육,이,나, ,취,업,,, ,직,업, ,훈,련,에,서, ,배,제,된, ,청,년,들,이, ,일,하,지, ,못,해, ,발,생,하,는, ,사,회,적, ,비,용, ,절,감, ,•,산, ,업, ,전,반,의, ,노,동,환,경, ,개,선, ,유,도",,,,,,,,,,,,,,,,,,,,,,,,
-,-,-,-,-,-,-,-,-,-,-,[,표,],-,-,-,-,-,-,-,-,-,-,-
-,-,-,-,-,-,-,-,-,-,-,[,표,],-,-,-,-,-,-,-,-,-,-,-
"영,향,의, ,원,인",,,,,,,,,,,,,,,,,,,,,,,,
"•,제, ,품,/,서,비,스",,,,,,,,,,,,,,,,,,,,,,,,
"•,사, ,업,장, ,•,공, ,급,망",,,,,,,,,,,,,,,,,,,,,,,,
-,-,-,-,-,-,-,-,-,-,-,[,표,],-,-,-,-,-,-,-,-,-,-,-
-,-,-,-,-,-,-,-,-,-,-,[,표,],-,-,-,-,-,-,-,-,-,-,-
"외,부, ,이,해,관,계,자, ,영,향, ,분,야",,,,,,,,,,,,,,,,,,,,,,,,
"•,환, ,경, ,•,고, ,객,/,최,종, ,사,용,자",,,,,,,,,,,,,,,,,,,,,,,,
"•,사, ,회, ,•,공, ,급,망,/,계,약,자, ,등",,,,,,,,,,,,,,,,,,,,,,,,
-,-,-,-,-,-,-,-,-,-,-,[,표,],-,-,-,-,-,-,-,-,-,-,-
-,-,-,-,-,-,-,-,-,-,-,[,표,],-,-,-,-,-,-,-,-,-,-,-
"영,향, ,타,입",,,,,,,,,,,,,,,,,,,,,,,,
"•,긍, ,정",,,,,,,,,,,,,,,,,,,,,,,,
"•,긍, ,정",,,,,,,,,,,,,,,,,,,,,,,,
-,-,-,-,-,-,-,-,-,-,-,[,표,],-,-,-,-,-,-,-,-,-,-,-
-,-,-,-,-,-,-,-,-,-,-,[,표,],-,-,-,-,-,-,-,-,-,-,-
"성,과, ,관,리, ,지,표",,,,,,,,,,,,,,,,,,,,,,,,
"•,친, ,환,경,차, ,부,품, ,적,용,에, ,따,른, ,온,실,가,스, ,감,축,효,과",,,,,,,,,,,,,,,,,,,,,,,,
"•,계, ,약,학,과, ,운,영, ,등, ,성,장,지,원, ,연,계, ,신,규, ,채,용, ,인,원, ,확,대,로, ,발,생,한, ,해,당, ,인,원,의, ,추,가, ,소,득",,,,,,,,,,,,,,,,,,,,,,,,
-,-,-,-,-,-,-,-,-,-,-,[,표,],-,-,-,-,-,-,-,-,-,-,-
-,-,-,-,-,-,-,-,-,-,-,[,표,],-,-,-,-,-,-,-,-,-,-,-
"영,향, ,평,가, ,및, ,측,정, ,결,과",,,,,,,,,,,,,,,,,,,,,,,,
"•,차, ,종,별, ,회,피,된, ,이,산,화,탄,소, ,배,출,량,(,평,균, ,감,축, ,효,과,×,주,행,거,리,),의, ,총,합,은, ,1,,,1,6,1,,,2,1,4,t,C,O,₂,e,q,로, ,친,환,경,차, ,부,품, ,적,용,에, ,따,라, ,대,기, ,중, ,이,산,화,탄,소, ,감,축, ,•,2, ,0,2,2,년, ,2,월, ,제,출,된, ,정,부, ,용,역, ,보,고,서,에, ,따,라, ,대,기, ,중, ,이,산,화,탄,소,가, ,1,톤, ,증,가,했,을, ,때, ,발,생,하,는, ,환,경,오,염,,, ,건,강, ,피,해, ,등,을, ,추,정,하,여, ,산,출,한, ,사,회,적, ,비,용,은, ,1,톤,당, ,5,5,,,4,0,0,원,1,), ,•,총, ,6,4,,,3,3,1,,,2,5,5,,,6,0,0,원,(,6,4,3,억, ,원,),의, ,사,회,적, ,비,용, ,절,감, ,효,과, ,창,출",,,,,,,,,,,,,,,,,,,,,,,,
"•,추, ,가, ,소,득,은, ,계,약,학,과, ,운,영, ,등,으,로, ,인,해, ,채,용,된, ,인,원,이, ,해,당, ,프,로,그,램,을, ,통,해, ,채,용,됨,으,로,써, ,새,롭,게, ,얻,게, ,된, ,연,간, ,임,금,소,득,을, ,의,미, ,•,계, ,약,학,과, ,등,을, ,통,해, ,고,용,된, ,인,원,의, ,수,는, ,2,5,명,,, ,해,당, ,직,무,/,직,급,에, ,대,한, ,평,균, ,초,봉, ,또,는, ,실,지,급,액,인, ,1,인,당, ,평,균, ,연,간, ,임,금,은, ,5,,,6,0,0,만, ,원,/,년, ,•,해, ,당, ,인,원,이, ,계,약,학,과, ,등, ,프,로,그,램,이, ,없,었,다,면, ,얻,었,을, ,평,균, ,소,득,은, ,산,업,별, ,청,년, ,초,임, ,평,균, ,등,을, ,참,고,하,여, ,4,,,0,0,3,만, ,원,/,년,으,로, ,추,정,2,), ,•,계, ,약,학,과,의, ,채,용,률,로, ,인,한, ,총, ,추,가, ,소,득,은, ,(,취,업,자,수,),×,(,계,약,학,과, ,채,용, ,후, ,연,봉,-,대,체, ,평,균, ,연,봉,),로, ,계,산,되,는, ,3,억, ,9,,,9,2,5,만, ,원,의, ,사,회,적, ,가,치, ,창,출",,,,,,,,,,,,,,,,,,,,,,,,
-,-,-,-,-,-,-,-,-,-,-,[,표,],-,-,-,-,-,-,-,-,-,-,-
